"Root Catalog",1
notunbazar,2
ইলেক্ট্রনিক্স,6
"গৃহস্থালী পন্য",7
"গাড়ী ও যানবাহন",8
"খেলা ও বিনোদন",9
"বই, উপহার ও সংগ্রহণীয়",12
"মোবাইল ফোন ও আনুসংগিক",13
"কৃষি ও জীব জন্তু",14
"ফল ও সবজী",15
"মাছ, মাংস ও পোল্ট্রি",16
"বীজ, সার ও অন্যান্য",17
Farmers,18
গাড়ী,19
বাইক,20
"যন্ত্রপাতি ও অন্যান্য",21
"গাড়ী ভাড়া",22
ফ্যাশন,23
"পোশাক, জুতা ও অন্যান্য",24
"ব্যাগ ও পার্স",25
"অলংকার ও ঘড়ি",26
"স্বাস্থ্য ও সৌন্দর্য",27
হস্তশিল্প,28
"বাচ্চাদের পন্য",29
Others,30
"ক্যামেরা ও ফটোগ্রাফি",31
"কম্পিউটার, ল্যাপটপ ও আনুসংগিক",32
"টিভি, অডিও ও ভিডিও",33
অন্যান্য,34
আসবাবপত্র,35
"বাসার সাজসজ্জা",36
যন্ত্রপাতী,37
"রান্নার সামগ্রী",38
অন্যান্য,39
"চাকরী ও ব্যবসা",47
"ব্যক্তিগত শিক্ষক",48
চাকরী,49
ব্যবসা,50
উৎসব,51
"হোটেল ও রেস্তোরাঁ",52
"খেলার সামগ্রীর দোকান",53
"জিম ও হেলথ ক্লাব",54
টিকেট,55
বই,56
উপহার,57
"শিল্প ও সংগ্রহণীয়",58
"জমি এবং রিয়েল এস্টেট",60
অ্যাপার্টমেন্ট,61
জমি,62
"দোকান ও অফিস",63
Others,64
"জীব জন্তু",65
"ব্যক্তিগত ও বিয়ে সম্পর্কিত",66
হারিয়েছে,67
কনে,68
বর,69
অন্যান্য,70
অন্যান্য,71
"নিরাপত্তা, নজরদারী এবং অফিস অটোমেশন",72
